{
	"info": {
		"_postman_id": "a6a95f25-070f-4204-a9ed-4a4d72b4f9b5",
		"name": "PruebaTecnica",
		"schema": "https://schema.getpostman.com/json/collection/v2.1.0/collection.json",
		"_exporter_id": "45010568"
	},
	"item": [
		{
			"name": "Insertar Datos",
			"request": {
				"method": "POST",
				"header": [],
				"body": {
					"mode": "raw",
					"raw": "{\r\n  \"username\": \"usuario3\",\r\n  \"password\": \"clave12345678910\",\r\n  \"firstName\": \"Carolina\",\r\n  \"lastName\": \"Avila\",\r\n  \"alias\": \"lau\",\r\n  \"birthDate\": \"1993-03-10\"\r\n}\r\n",
					"options": {
						"raw": {
							"language": "json"
						}
					}
				},
				"url": {
					"raw": "http://localhost:8080/auth/register",
					"protocol": "http",
					"host": [
						"localhost"
					],
					"port": "8080",
					"path": [
						"auth",
						"register"
					]
				}
			},
			"response": []
		},
		{
			"name": "Cargar el Token",
			"request": {
				"auth": {
					"type": "bearer"
				},
				"method": "POST",
				"header": [],
				"body": {
					"mode": "raw",
					"raw": "{\r\n  \"userAlias\": \"alexandra_01\",\r\n  \"message\": \"¡Hola desde mi primera publicación!\"\r\n}",
					"options": {
						"raw": {
							"language": "json"
						}
					}
				},
				"url": {
					"raw": "http://localhost:8080/posts",
					"protocol": "http",
					"host": [
						"localhost"
					],
					"port": "8080",
					"path": [
						"posts"
					]
				}
			},
			"response": []
		},
		{
			"name": "Validacion Con Token",
			"request": {
				"method": "GET",
				"header": [],
				"url": {
					"raw": "http://localhost:8080/secure",
					"protocol": "http",
					"host": [
						"localhost"
					],
					"port": "8080",
					"path": [
						"secure"
					]
				}
			},
			"response": []
		},
		{
			"name": "Consultar Perfil de Usuario",
			"request": {
				"method": "GET",
				"header": [],
				"url": {
					"raw": "http://localhost:8082/users/jlopez",
					"protocol": "http",
					"host": [
						"localhost"
					],
					"port": "8082",
					"path": [
						"users",
						"jlopez"
					]
				}
			},
			"response": []
		}
	]
}